Code,Borough,Mid-year estimates 1999,Mid-year estimates 2000,Mid-year estimates 2001,Mid-year estimates 2002,Mid-year estimates 2003,Mid-year estimates 2004,Mid-year estimates 2005,Mid-year estimates 2006,Mid-year estimates 2007,Mid-year estimates 2008,Mid-year estimates 2009,Mid-year estimates 2010,Mid-year estimates 2011,Mid-year estimates 2012,Mid-year estimates 2013,Mid-year estimates 2014,Mid-year estimates 2015,Mid-year estimates 2016,Year,Value
E09000002,Barking and Dagenham,,,,,,,,,,,,,,,,,,,1999-12-31,120.4538179311024
E09000002,Barking and Dagenham,,,,,,,,,,,,,,,,,,,2000-12-31,123.57452728304442
E09000002,Barking and Dagenham,,,,,,,,,,,,,,,,,,,2001-12-31,123.98131044224709
E09000002,Barking and Dagenham,,,,,,,,,,,,,,,,,,,2002-12-31,122.59177551891415
E09000002,Barking and Dagenham,,,,,,,,,,,,,,,,,,,2003-12-31,133.2290475903977
E09000002,Barking and Dagenham,,,,,,,,,,,,,,,,,,,2004-12-31,129.4728579192078
E09000002,Barking and Dagenham,,,,,,,,,,,,,,,,,,,2005-12-31,132.68380694632387
E09000002,Barking and Dagenham,,,,,,,,,,,,,,,,,,,2006-12-31,127.92763689226297
E09000002,Barking and Dagenham,,,,,,,,,,,,,,,,,,,2007-12-31,115.57643272535807
E09000002,Barking and Dagenham,,,,,,,,,,,,,,,,,,,2008-12-31,115.89891680003711
E09000002,Barking and Dagenham,,,,,,,,,,,,,,,,,,,2009-12-31,111.74118707061606
E09000002,Barking and Dagenham,,,,,,,,,,,,,,,,,,,2010-12-31,104.88519891926185
E09000002,Barking and Dagenham,,,,,,,,,,,,,,,,,,,2011-12-31,100.652839933914
E09000002,Barking and Dagenham,,,,,,,,,,,,,,,,,,,2012-12-31,90.47019311502939
E09000002,Barking and Dagenham,,,,,,,,,,,,,,,,,,,2013-12-31,82.85996542356138
E09000002,Barking and Dagenham,,,,,,,,,,,,,,,,,,,2014-12-31,81.87337993080982
E09000002,Barking and Dagenham,,,,,,,,,,,,,,,,,,,2015-12-31,86.52879754825997
E09000002,Barking and Dagenham,,,,,,,,,,,,,,,,,,,2016-12-31,70.89993219025477
E09000003,Barnet,,,,,,,,,,,,,,,,,,,1999-12-31,97.96183992675512
E09000003,Barnet,,,,,,,,,,,,,,,,,,,2000-12-31,95.67615838674537
E09000003,Barnet,,,,,,,,,,,,,,,,,,,2001-12-31,101.02009196165031
E09000003,Barnet,,,,,,,,,,,,,,,,,,,2002-12-31,107.12146547206069
E09000003,Barnet,,,,,,,,,,,,,,,,,,,2003-12-31,112.76499213802275
E09000003,Barnet,,,,,,,,,,,,,,,,,,,2004-12-31,117.03524309363252
E09000003,Barnet,,,,,,,,,,,,,,,,,,,2005-12-31,106.46300768453415
E09000003,Barnet,,,,,,,,,,,,,,,,,,,2006-12-31,90.44712682247031
E09000003,Barnet,,,,,,,,,,,,,,,,,,,2007-12-31,79.57603251731439
E09000003,Barnet,,,,,,,,,,,,,,,,,,,2008-12-31,77.75078711838025
E09000003,Barnet,,,,,,,,,,,,,,,,,,,2009-12-31,75.97107240861813
E09000003,Barnet,,,,,,,,,,,,,,,,,,,2010-12-31,73.13096477899374
E09000003,Barnet,,,,,,,,,,,,,,,,,,,2011-12-31,73.50547354407085
E09000003,Barnet,,,,,,,,,,,,,,,,,,,2012-12-31,69.6897427161525
E09000003,Barnet,,,,,,,,,,,,,,,,,,,2013-12-31,61.56797294954049
E09000003,Barnet,,,,,,,,,,,,,,,,,,,2014-12-31,61.859354787085074
E09000003,Barnet,,,,,,,,,,,,,,,,,,,2015-12-31,65.78507259850772
E09000003,Barnet,,,,,,,,,,,,,,,,,,,2016-12-31,55.81442332348226
E09000004,Bexley,,,,,,,,,,,,,,,,,,,1999-12-31,95.0988236808947
E09000004,Bexley,,,,,,,,,,,,,,,,,,,2000-12-31,96.34367698898578
E09000004,Bexley,,,,,,,,,,,,,,,,,,,2001-12-31,96.91118455637991
E09000004,Bexley,,,,,,,,,,,,,,,,,,,2002-12-31,90.14115359866376
E09000004,Bexley,,,,,,,,,,,,,,,,,,,2003-12-31,92.46600247254744
E09000004,Bexley,,,,,,,,,,,,,,,,,,,2004-12-31,85.36690250184459
E09000004,Bexley,,,,,,,,,,,,,,,,,,,2005-12-31,89.98115930950442
E09000004,Bexley,,,,,,,,,,,,,,,,,,,2006-12-31,76.12414905051952
E09000004,Bexley,,,,,,,,,,,,,,,,,,,2007-12-31,74.84028937117418
E09000004,Bexley,,,,,,,,,,,,,,,,,,,2008-12-31,71.34726364647125
E09000004,Bexley,,,,,,,,,,,,,,,,,,,2009-12-31,67.72417662374093
E09000004,Bexley,,,,,,,,,,,,,,,,,,,2010-12-31,59.550693291607246
E09000004,Bexley,,,,,,,,,,,,,,,,,,,2011-12-31,52.2738793851547
E09000004,Bexley,,,,,,,,,,,,,,,,,,,2012-12-31,52.652697090122125
E09000004,Bexley,,,,,,,,,,,,,,,,,,,2013-12-31,50.011196221169726
E09000004,Bexley,,,,,,,,,,,,,,,,,,,2014-12-31,51.19546411523149
E09000004,Bexley,,,,,,,,,,,,,,,,,,,2015-12-31,52.217293984521476
E09000004,Bexley,,,,,,,,,,,,,,,,,,,2016-12-31,45.6079424742605
E09000005,Brent,,,,,,,,,,,,,,,,,,,1999-12-31,127.74040880925949
E09000005,Brent,,,,,,,,,,,,,,,,,,,2000-12-31,122.71603540357432
E09000005,Brent,,,,,,,,,,,,,,,,,,,2001-12-31,123.41814405459534
E09000005,Brent,,,,,,,,,,,,,,,,,,,2002-12-31,124.27048478717609
E09000005,Brent,,,,,,,,,,,,,,,,,,,2003-12-31,133.55918053987173
E09000005,Brent,,,,,,,,,,,,,,,,,,,2004-12-31,132.60290308755845
E09000005,Brent,,,,,,,,,,,,,,,,,,,2005-12-31,129.69709048900305
E09000005,Brent,,,,,,,,,,,,,,,,,,,2006-12-31,110.2117871712525
E09000005,Brent,,,,,,,,,,,,,,,,,,,2007-12-31,99.28937809109941
E09000005,Brent,,,,,,,,,,,,,,,,,,,2008-12-31,93.54728928398322
E09000005,Brent,,,,,,,,,,,,,,,,,,,2009-12-31,97.43121851079104
E09000005,Brent,,,,,,,,,,,,,,,,,,,2010-12-31,96.76329215676624
E09000005,Brent,,,,,,,,,,,,,,,,,,,2011-12-31,101.17696039968614
E09000005,Brent,,,,,,,,,,,,,,,,,,,2012-12-31,86.63319138117333
E09000005,Brent,,,,,,,,,,,,,,,,,,,2013-12-31,77.14710777144586
E09000005,Brent,,,,,,,,,,,,,,,,,,,2014-12-31,78.25428199100891
E09000005,Brent,,,,,,,,,,,,,,,,,,,2015-12-31,80.63898867943163
E09000005,Brent,,,,,,,,,,,,,,,,,,,2016-12-31,70.78969334722501
E09000006,Bromley,,,,,,,,,,,,,,,,,,,1999-12-31,89.77219550901656
E09000006,Bromley,,,,,,,,,,,,,,,,,,,2000-12-31,88.52182569916394
E09000006,Bromley,,,,,,,,,,,,,,,,,,,2001-12-31,96.67879737220561
E09000006,Bromley,,,,,,,,,,,,,,,,,,,2002-12-31,102.05347391697116
E09000006,Bromley,,,,,,,,,,,,,,,,,,,2003-12-31,104.01240693954308
E09000006,Bromley,,,,,,,,,,,,,,,,,,,2004-12-31,103.46544144604735
E09000006,Bromley,,,,,,,,,,,,,,,,,,,2005-12-31,102.8418180421547
E09000006,Bromley,,,,,,,,,,,,,,,,,,,2006-12-31,94.44350302196615
E09000006,Bromley,,,,,,,,,,,,,,,,,,,2007-12-31,83.25485336637753
E09000006,Bromley,,,,,,,,,,,,,,,,,,,2008-12-31,86.40250780409747
E09000006,Bromley,,,,,,,,,,,,,,,,,,,2009-12-31,77.48172185948313
E09000006,Bromley,,,,,,,,,,,,,,,,,,,2010-12-31,71.39940368161783
E09000006,Bromley,,,,,,,,,,,,,,,,,,,2011-12-31,70.52879692420642
E09000006,Bromley,,,,,,,,,,,,,,,,,,,2012-12-31,64.47668420181125
E09000006,Bromley,,,,,,,,,,,,,,,,,,,2013-12-31,61.16722606865703
E09000006,Bromley,,,,,,,,,,,,,,,,,,,2014-12-31,63.60223855975199
E09000006,Bromley,,,,,,,,,,,,,,,,,,,2015-12-31,65.06555191976777
E09000006,Bromley,,,,,,,,,,,,,,,,,,,2016-12-31,52.74879240353759
E09000007,Camden,,,,,,,,,,,,,,,,,,,1999-12-31,241.04882554485982
E09000007,Camden,,,,,,,,,,,,,,,,,,,2000-12-31,238.45157870054135
E09000007,Camden,,,,,,,,,,,,,,,,,,,2001-12-31,262.1503008881012
E09000007,Camden,,,,,,,,,,,,,,,,,,,2002-12-31,264.20292981389605
E09000007,Camden,,,,,,,,,,,,,,,,,,,2003-12-31,249.7674464147581
E09000007,Camden,,,,,,,,,,,,,,,,,,,2004-12-31,219.11729952107882
E09000007,Camden,,,,,,,,,,,,,,,,,,,2005-12-31,200.08716743727734
E09000007,Camden,,,,,,,,,,,,,,,,,,,2006-12-31,201.0832480382122
E09000007,Camden,,,,,,,,,,,,,,,,,,,2007-12-31,167.35060514372162
E09000007,Camden,,,,,,,,,,,,,,,,,,,2008-12-31,162.52681038459528
E09000007,Camden,,,,,,,,,,,,,,,,,,,2009-12-31,158.6152805695929
E09000007,Camden,,,,,,,,,,,,,,,,,,,2010-12-31,159.29677494469672
E09000007,Camden,,,,,,,,,,,,,,,,,,,2011-12-31,162.65840326779866
E09000007,Camden,,,,,,,,,,,,,,,,,,,2012-12-31,145.9802099910207
E09000007,Camden,,,,,,,,,,,,,,,,,,,2013-12-31,124.7001771729809
E09000007,Camden,,,,,,,,,,,,,,,,,,,2014-12-31,121.0495388467336
E09000007,Camden,,,,,,,,,,,,,,,,,,,2015-12-31,125.2183075512634
E09000007,Camden,,,,,,,,,,,,,,,,,,,2016-12-31,103.13549786539173
E09000008,Croydon,,,,,,,,,,,,,,,,,,,1999-12-31,113.66113965296056
E09000008,Croydon,,,,,,,,,,,,,,,,,,,2000-12-31,105.3760609859353
E09000008,Croydon,,,,,,,,,,,,,,,,,,,2001-12-31,111.7536823509752
E09000008,Croydon,,,,,,,,,,,,,,,,,,,2002-12-31,115.13498203717782
E09000008,Croydon,,,,,,,,,,,,,,,,,,,2003-12-31,110.27360762564786
E09000008,Croydon,,,,,,,,,,,,,,,,,,,2004-12-31,103.82815141753723
E09000008,Croydon,,,,,,,,,,,,,,,,,,,2005-12-31,102.8131378077699
E09000008,Croydon,,,,,,,,,,,,,,,,,,,2006-12-31,92.5542445417669
E09000008,Croydon,,,,,,,,,,,,,,,,,,,2007-12-31,88.90820250618407
E09000008,Croydon,,,,,,,,,,,,,,,,,,,2008-12-31,93.86844847527111
E09000008,Croydon,,,,,,,,,,,,,,,,,,,2009-12-31,94.14252628535306
E09000008,Croydon,,,,,,,,,,,,,,,,,,,2010-12-31,90.21346497146257
E09000008,Croydon,,,,,,,,,,,,,,,,,,,2011-12-31,89.84005591875334
E09000008,Croydon,,,,,,,,,,,,,,,,,,,2012-12-31,84.33228693959651
E09000008,Croydon,,,,,,,,,,,,,,,,,,,2013-12-31,75.65888311799803
E09000008,Croydon,,,,,,,,,,,,,,,,,,,2014-12-31,76.59823423040102
E09000008,Croydon,,,,,,,,,,,,,,,,,,,2015-12-31,76.38161522408457
E09000008,Croydon,,,,,,,,,,,,,,,,,,,2016-12-31,67.42539968192852
E09000009,Ealing,,,,,,,,,,,,,,,,,,,1999-12-31,128.1612694043381
E09000009,Ealing,,,,,,,,,,,,,,,,,,,2000-12-31,126.72733843677103
E09000009,Ealing,,,,,,,,,,,,,,,,,,,2001-12-31,127.33828870461736
E09000009,Ealing,,,,,,,,,,,,,,,,,,,2002-12-31,129.82389196810266
E09000009,Ealing,,,,,,,,,,,,,,,,,,,2003-12-31,123.09644670050761
E09000009,Ealing,,,,,,,,,,,,,,,,,,,2004-12-31,117.44976183027867
E09000009,Ealing,,,,,,,,,,,,,,,,,,,2005-12-31,119.23945084949517
E09000009,Ealing,,,,,,,,,,,,,,,,,,,2006-12-31,116.49420129452095
E09000009,Ealing,,,,,,,,,,,,,,,,,,,2007-12-31,106.5770026139812
E09000009,Ealing,,,,,,,,,,,,,,,,,,,2008-12-31,101.06412527544425
E09000009,Ealing,,,,,,,,,,,,,,,,,,,2009-12-31,101.99232648212241
E09000009,Ealing,,,,,,,,,,,,,,,,,,,2010-12-31,104.85732160336214
E09000009,Ealing,,,,,,,,,,,,,,,,,,,2011-12-31,96.00252273705182
E09000009,Ealing,,,,,,,,,,,,,,,,,,,2012-12-31,88.07030830331904
E09000009,Ealing,,,,,,,,,,,,,,,,,,,2013-12-31,75.58088608851541
E09000009,Ealing,,,,,,,,,,,,,,,,,,,2014-12-31,75.82471544905559
E09000009,Ealing,,,,,,,,,,,,,,,,,,,2015-12-31,78.79694163394635
E09000009,Ealing,,,,,,,,,,,,,,,,,,,2016-12-31,69.01012832317393
E09000010,Enfield,,,,,,,,,,,,,,,,,,,1999-12-31,104.8212341098005
E09000010,Enfield,,,,,,,,,,,,,,,,,,,2000-12-31,101.8620850117062
E09000010,Enfield,,,,,,,,,,,,,,,,,,,2001-12-31,106.03896619131086
E09000010,Enfield,,,,,,,,,,,,,,,,,,,2002-12-31,107.00813905857629
E09000010,Enfield,,,,,,,,,,,,,,,,,,,2003-12-31,106.43816417407348
E09000010,Enfield,,,,,,,,,,,,,,,,,,,2004-12-31,99.67861610037666
E09000010,Enfield,,,,,,,,,,,,,,,,,,,2005-12-31,96.47129879661071
E09000010,Enfield,,,,,,,,,,,,,,,,,,,2006-12-31,94.13803060929828
E09000010,Enfield,,,,,,,,,,,,,,,,,,,2007-12-31,86.69657741464118
E09000010,Enfield,,,,,,,,,,,,,,,,,,,2008-12-31,82.47966837343625
E09000010,Enfield,,,,,,,,,,,,,,,,,,,2009-12-31,80.99784416384355
E09000010,Enfield,,,,,,,,,,,,,,,,,,,2010-12-31,76.89632307052216
E09000010,Enfield,,,,,,,,,,,,,,,,,,,2011-12-31,73.03422683039483
E09000010,Enfield,,,,,,,,,,,,,,,,,,,2012-12-31,70.97990147721147
E09000010,Enfield,,,,,,,,,,,,,,,,,,,2013-12-31,70.60625725374699
E09000010,Enfield,,,,,,,,,,,,,,,,,,,2014-12-31,68.73008928626444
E09000010,Enfield,,,,,,,,,,,,,,,,,,,2015-12-31,69.85290759454745
E09000010,Enfield,,,,,,,,,,,,,,,,,,,2016-12-31,58.54343004571584
E09000011,Greenwich,,,,,,,,,,,,,,,,,,,1999-12-31,141.35496399079975
E09000011,Greenwich,,,,,,,,,,,,,,,,,,,2000-12-31,131.34332534345592
E09000011,Greenwich,,,,,,,,,,,,,,,,,,,2001-12-31,133.33486618228642
E09000011,Greenwich,,,,,,,,,,,,,,,,,,,2002-12-31,140.88208203146166
E09000011,Greenwich,,,,,,,,,,,,,,,,,,,2003-12-31,139.75292350080025
E09000011,Greenwich,,,,,,,,,,,,,,,,,,,2004-12-31,137.2683656851094
E09000011,Greenwich,,,,,,,,,,,,,,,,,,,2005-12-31,136.02957126866644
E09000011,Greenwich,,,,,,,,,,,,,,,,,,,2006-12-31,127.47980682935167
E09000011,Greenwich,,,,,,,,,,,,,,,,,,,2007-12-31,129.4396178155453
E09000011,Greenwich,,,,,,,,,,,,,,,,,,,2008-12-31,119.61309374843586
E09000011,Greenwich,,,,,,,,,,,,,,,,,,,2009-12-31,105.14954529039036
E09000011,Greenwich,,,,,,,,,,,,,,,,,,,2010-12-31,96.84112517106726
E09000011,Greenwich,,,,,,,,,,,,,,,,,,,2011-12-31,87.73577889722604
E09000011,Greenwich,,,,,,,,,,,,,,,,,,,2012-12-31,81.17107833335898
E09000011,Greenwich,,,,,,,,,,,,,,,,,,,2013-12-31,74.35380746038
E09000011,Greenwich,,,,,,,,,,,,,,,,,,,2014-12-31,78.24607894952322
E09000011,Greenwich,,,,,,,,,,,,,,,,,,,2015-12-31,79.8754016513648
E09000011,Greenwich,,,,,,,,,,,,,,,,,,,2016-12-31,71.57052679739496
E09000012,Hackney,,,,,,,,,,,,,,,,,,,1999-12-31,195.92941779222147
E09000012,Hackney,,,,,,,,,,,,,,,,,,,2000-12-31,188.03133036025983
E09000012,Hackney,,,,,,,,,,,,,,,,,,,2001-12-31,191.89272651824402
E09000012,Hackney,,,,,,,,,,,,,,,,,,,2002-12-31,186.13392996809839
E09000012,Hackney,,,,,,,,,,,,,,,,,,,2003-12-31,183.7762764530025
E09000012,Hackney,,,,,,,,,,,,,,,,,,,2004-12-31,170.85789466291476
E09000012,Hackney,,,,,,,,,,,,,,,,,,,2005-12-31,159.94494531480936
E09000012,Hackney,,,,,,,,,,,,,,,,,,,2006-12-31,141.51221882621155
E09000012,Hackney,,,,,,,,,,,,,,,,,,,2007-12-31,143.6252672843906
E09000012,Hackney,,,,,,,,,,,,,,,,,,,2008-12-31,128.60487965339485
E09000012,Hackney,,,,,,,,,,,,,,,,,,,2009-12-31,121.37924622393523
E09000012,Hackney,,,,,,,,,,,,,,,,,,,2010-12-31,115.89358771236748
E09000012,Hackney,,,,,,,,,,,,,,,,,,,2011-12-31,112.88038773049817
E09000012,Hackney,,,,,,,,,,,,,,,,,,,2012-12-31,110.28125607352084
E09000012,Hackney,,,,,,,,,,,,,,,,,,,2013-12-31,101.13878754676955
E09000012,Hackney,,,,,,,,,,,,,,,,,,,2014-12-31,97.68573057191715
E09000012,Hackney,,,,,,,,,,,,,,,,,,,2015-12-31,101.14531484076741
E09000012,Hackney,,,,,,,,,,,,,,,,,,,2016-12-31,91.15404020093155
E09000013,Hammersmith and Fulham,,,,,,,,,,,,,,,,,,,1999-12-31,178.04449867400427
E09000013,Hammersmith and Fulham,,,,,,,,,,,,,,,,,,,2000-12-31,171.75913816281715
E09000013,Hammersmith and Fulham,,,,,,,,,,,,,,,,,,,2001-12-31,174.09401679124306
E09000013,Hammersmith and Fulham,,,,,,,,,,,,,,,,,,,2002-12-31,174.44720301879772
E09000013,Hammersmith and Fulham,,,,,,,,,,,,,,,,,,,2003-12-31,167.04565331467552
E09000013,Hammersmith and Fulham,,,,,,,,,,,,,,,,,,,2004-12-31,157.70878006543353
E09000013,Hammersmith and Fulham,,,,,,,,,,,,,,,,,,,2005-12-31,149.23366341204442
E09000013,Hammersmith and Fulham,,,,,,,,,,,,,,,,,,,2006-12-31,145.0350651209389
E09000013,Hammersmith and Fulham,,,,,,,,,,,,,,,,,,,2007-12-31,131.57328074708735
E09000013,Hammersmith and Fulham,,,,,,,,,,,,,,,,,,,2008-12-31,129.4723527285869
E09000013,Hammersmith and Fulham,,,,,,,,,,,,,,,,,,,2009-12-31,126.95707210908525
E09000013,Hammersmith and Fulham,,,,,,,,,,,,,,,,,,,2010-12-31,133.54751661671514
E09000013,Hammersmith and Fulham,,,,,,,,,,,,,,,,,,,2011-12-31,128.40033982844145
E09000013,Hammersmith and Fulham,,,,,,,,,,,,,,,,,,,2012-12-31,121.11203780928552
E09000013,Hammersmith and Fulham,,,,,,,,,,,,,,,,,,,2013-12-31,106.24842600106332
E09000013,Hammersmith and Fulham,,,,,,,,,,,,,,,,,,,2014-12-31,113.58170044571526
E09000013,Hammersmith and Fulham,,,,,,,,,,,,,,,,,,,2015-12-31,114.34145253887742
E09000013,Hammersmith and Fulham,,,,,,,,,,,,,,,,,,,2016-12-31,98.12751177262962
E09000014,Haringey,,,,,,,,,,,,,,,,,,,1999-12-31,155.907558142195
E09000014,Haringey,,,,,,,,,,,,,,,,,,,2000-12-31,149.19147581250428
E09000014,Haringey,,,,,,,,,,,,,,,,,,,2001-12-31,170.21843969066808
E09000014,Haringey,,,,,,,,,,,,,,,,,,,2002-12-31,173.8152302716573
E09000014,Haringey,,,,,,,,,,,,,,,,,,,2003-12-31,163.56703862203204
E09000014,Haringey,,,,,,,,,,,,,,,,,,,2004-12-31,156.98629411141332
E09000014,Haringey,,,,,,,,,,,,,,,,,,,2005-12-31,154.25849758582638
E09000014,Haringey,,,,,,,,,,,,,,,,,,,2006-12-31,131.21102695840875
E09000014,Haringey,,,,,,,,,,,,,,,,,,,2007-12-31,124.52648515792274
E09000014,Haringey,,,,,,,,,,,,,,,,,,,2008-12-31,111.99833100847177
E09000014,Haringey,,,,,,,,,,,,,,,,,,,2009-12-31,103.05238085706851
E09000014,Haringey,,,,,,,,,,,,,,,,,,,2010-12-31,97.2849783573763
E09000014,Haringey,,,,,,,,,,,,,,,,,,,2011-12-31,101.39704155905142
E09000014,Haringey,,,,,,,,,,,,,,,,,,,2012-12-31,90.28936472623903
E09000014,Haringey,,,,,,,,,,,,,,,,,,,2013-12-31,83.80855474474725
E09000014,Haringey,,,,,,,,,,,,,,,,,,,2014-12-31,89.04803375931165
E09000014,Haringey,,,,,,,,,,,,,,,,,,,2015-12-31,95.37351940893632
E09000014,Haringey,,,,,,,,,,,,,,,,,,,2016-12-31,85.81042984223436
E09000015,Harrow,,,,,,,,,,,,,,,,,,,1999-12-31,80.69395745253934
E09000015,Harrow,,,,,,,,,,,,,,,,,,,2000-12-31,81.44361448779135
E09000015,Harrow,,,,,,,,,,,,,,,,,,,2001-12-31,86.72944716345147
E09000015,Harrow,,,,,,,,,,,,,,,,,,,2002-12-31,92.17937608318891
E09000015,Harrow,,,,,,,,,,,,,,,,,,,2003-12-31,86.23109746968109
E09000015,Harrow,,,,,,,,,,,,,,,,,,,2004-12-31,83.72521004129155
E09000015,Harrow,,,,,,,,,,,,,,,,,,,2005-12-31,79.06055384448395
E09000015,Harrow,,,,,,,,,,,,,,,,,,,2006-12-31,70.81723545825284
E09000015,Harrow,,,,,,,,,,,,,,,,,,,2007-12-31,62.17666939100086
E09000015,Harrow,,,,,,,,,,,,,,,,,,,2008-12-31,65.54513497148982
E09000015,Harrow,,,,,,,,,,,,,,,,,,,2009-12-31,65.92004111437076
E09000015,Harrow,,,,,,,,,,,,,,,,,,,2010-12-31,63.05722022648884
E09000015,Harrow,,,,,,,,,,,,,,,,,,,2011-12-31,58.915005883600344
E09000015,Harrow,,,,,,,,,,,,,,,,,,,2012-12-31,55.54569946818386
E09000015,Harrow,,,,,,,,,,,,,,,,,,,2013-12-31,50.27694229410121
E09000015,Harrow,,,,,,,,,,,,,,,,,,,2014-12-31,50.06280206982615
E09000015,Harrow,,,,,,,,,,,,,,,,,,,2015-12-31,53.30797555942217
E09000015,Harrow,,,,,,,,,,,,,,,,,,,2016-12-31,45.46295105164984
E09000016,Havering,,,,,,,,,,,,,,,,,,,1999-12-31,83.23438718366768
E09000016,Havering,,,,,,,,,,,,,,,,,,,2000-12-31,87.77166309112957
E09000016,Havering,,,,,,,,,,,,,,,,,,,2001-12-31,97.31350988131739
E09000016,Havering,,,,,,,,,,,,,,,,,,,2002-12-31,95.6970327121491
E09000016,Havering,,,,,,,,,,,,,,,,,,,2003-12-31,98.40264952408012
E09000016,Havering,,,,,,,,,,,,,,,,,,,2004-12-31,94.92445818513613
E09000016,Havering,,,,,,,,,,,,,,,,,,,2005-12-31,95.91611965284814
E09000016,Havering,,,,,,,,,,,,,,,,,,,2006-12-31,87.6300405787956
E09000016,Havering,,,,,,,,,,,,,,,,,,,2007-12-31,74.85127660592978
E09000016,Havering,,,,,,,,,,,,,,,,,,,2008-12-31,77.74177822453656
E09000016,Havering,,,,,,,,,,,,,,,,,,,2009-12-31,73.26365604992162
E09000016,Havering,,,,,,,,,,,,,,,,,,,2010-12-31,74.42197143510249
E09000016,Havering,,,,,,,,,,,,,,,,,,,2011-12-31,72.71978379923253
E09000016,Havering,,,,,,,,,,,,,,,,,,,2012-12-31,68.65137465430291
E09000016,Havering,,,,,,,,,,,,,,,,,,,2013-12-31,62.487607402511564
E09000016,Havering,,,,,,,,,,,,,,,,,,,2014-12-31,62.43749339361071
E09000016,Havering,,,,,,,,,,,,,,,,,,,2015-12-31,67.65160487383824
E09000016,Havering,,,,,,,,,,,,,,,,,,,2016-12-31,58.073525513978396
E09000017,Hillingdon,,,,,,,,,,,,,,,,,,,1999-12-31,107.24618755942592
E09000017,Hillingdon,,,,,,,,,,,,,,,,,,,2000-12-31,108.73446084152397
E09000017,Hillingdon,,,,,,,,,,,,,,,,,,,2001-12-31,118.3717673115758
E09000017,Hillingdon,,,,,,,,,,,,,,,,,,,2002-12-31,118.24514395113798
E09000017,Hillingdon,,,,,,,,,,,,,,,,,,,2003-12-31,118.31697936739582
E09000017,Hillingdon,,,,,,,,,,,,,,,,,,,2004-12-31,111.7853078720179
E09000017,Hillingdon,,,,,,,,,,,,,,,,,,,2005-12-31,112.86242691802887
E09000017,Hillingdon,,,,,,,,,,,,,,,,,,,2006-12-31,110.63458431445002
E09000017,Hillingdon,,,,,,,,,,,,,,,,,,,2007-12-31,102.72743899354427
E09000017,Hillingdon,,,,,,,,,,,,,,,,,,,2008-12-31,97.37560859755374
E09000017,Hillingdon,,,,,,,,,,,,,,,,,,,2009-12-31,90.96042007791768
E09000017,Hillingdon,,,,,,,,,,,,,,,,,,,2010-12-31,87.33972872172637
E09000017,Hillingdon,,,,,,,,,,,,,,,,,,,2011-12-31,86.88597780754195
E09000017,Hillingdon,,,,,,,,,,,,,,,,,,,2012-12-31,73.24067632987408
E09000017,Hillingdon,,,,,,,,,,,,,,,,,,,2013-12-31,67.18130025173811
E09000017,Hillingdon,,,,,,,,,,,,,,,,,,,2014-12-31,75.22976528067238
E09000017,Hillingdon,,,,,,,,,,,,,,,,,,,2015-12-31,73.79716862310444
E09000017,Hillingdon,,,,,,,,,,,,,,,,,,,2016-12-31,63.460629283468506
E09000018,Hounslow,,,,,,,,,,,,,,,,,,,1999-12-31,144.807697691999
E09000018,Hounslow,,,,,,,,,,,,,,,,,,,2000-12-31,135.21103147659164
E09000018,Hounslow,,,,,,,,,,,,,,,,,,,2001-12-31,138.57558247212654
E09000018,Hounslow,,,,,,,,,,,,,,,,,,,2002-12-31,151.42377632695218
E09000018,Hounslow,,,,,,,,,,,,,,,,,,,2003-12-31,140.4909052277619
E09000018,Hounslow,,,,,,,,,,,,,,,,,,,2004-12-31,127.17827196500181
E09000018,Hounslow,,,,,,,,,,,,,,,,,,,2005-12-31,121.69759044759044
E09000018,Hounslow,,,,,,,,,,,,,,,,,,,2006-12-31,107.3310363571009
E09000018,Hounslow,,,,,,,,,,,,,,,,,,,2007-12-31,101.18909935147823
E09000018,Hounslow,,,,,,,,,,,,,,,,,,,2008-12-31,99.82051810161113
E09000018,Hounslow,,,,,,,,,,,,,,,,,,,2009-12-31,95.09134390177756
E09000018,Hounslow,,,,,,,,,,,,,,,,,,,2010-12-31,95.71249739203004
E09000018,Hounslow,,,,,,,,,,,,,,,,,,,2011-12-31,97.15722540178169
E09000018,Hounslow,,,,,,,,,,,,,,,,,,,2012-12-31,86.88989083272857
E09000018,Hounslow,,,,,,,,,,,,,,,,,,,2013-12-31,74.95226880380477
E09000018,Hounslow,,,,,,,,,,,,,,,,,,,2014-12-31,78.41682732859381
E09000018,Hounslow,,,,,,,,,,,,,,,,,,,2015-12-31,81.57904528035124
E09000018,Hounslow,,,,,,,,,,,,,,,,,,,2016-12-31,71.32503992417173
E09000019,Islington,,,,,,,,,,,,,,,,,,,1999-12-31,218.6868658126419
E09000019,Islington,,,,,,,,,,,,,,,,,,,2000-12-31,202.23556665092323
E09000019,Islington,,,,,,,,,,,,,,,,,,,2001-12-31,209.6640224765451
E09000019,Islington,,,,,,,,,,,,,,,,,,,2002-12-31,218.88428696743244
E09000019,Islington,,,,,,,,,,,,,,,,,,,2003-12-31,225.62866571954515
E09000019,Islington,,,,,,,,,,,,,,,,,,,2004-12-31,209.8976392322113
E09000019,Islington,,,,,,,,,,,,,,,,,,,2005-12-31,201.93266730979906
E09000019,Islington,,,,,,,,,,,,,,,,,,,2006-12-31,190.23871591025622
E09000019,Islington,,,,,,,,,,,,,,,,,,,2007-12-31,160.24512818337962
E09000019,Islington,,,,,,,,,,,,,,,,,,,2008-12-31,152.9655524262191
E09000019,Islington,,,,,,,,,,,,,,,,,,,2009-12-31,144.54205303400033
E09000019,Islington,,,,,,,,,,,,,,,,,,,2010-12-31,140.28951326394477
E09000019,Islington,,,,,,,,,,,,,,,,,,,2011-12-31,131.0080713575878
E09000019,Islington,,,,,,,,,,,,,,,,,,,2012-12-31,132.03220135799134
E09000019,Islington,,,,,,,,,,,,,,,,,,,2013-12-31,114.07864902836317
E09000019,Islington,,,,,,,,,,,,,,,,,,,2014-12-31,118.63547934669502
E09000019,Islington,,,,,,,,,,,,,,,,,,,2015-12-31,123.60557243996276
E09000019,Islington,,,,,,,,,,,,,,,,,,,2016-12-31,99.86043415712967
E09000020,Kensington and Chelsea,,,,,,,,,,,,,,,,,,,1999-12-31,208.41966982218068
E09000020,Kensington and Chelsea,,,,,,,,,,,,,,,,,,,2000-12-31,198.5891724481285
E09000020,Kensington and Chelsea,,,,,,,,,,,,,,,,,,,2001-12-31,182.52270359250056
E09000020,Kensington and Chelsea,,,,,,,,,,,,,,,,,,,2002-12-31,194.84578244123375
E09000020,Kensington and Chelsea,,,,,,,,,,,,,,,,,,,2003-12-31,180.75489507950724
E09000020,Kensington and Chelsea,,,,,,,,,,,,,,,,,,,2004-12-31,161.75973743906562
E09000020,Kensington and Chelsea,,,,,,,,,,,,,,,,,,,2005-12-31,146.88047512991832
E09000020,Kensington and Chelsea,,,,,,,,,,,,,,,,,,,2006-12-31,147.22381917758477
E09000020,Kensington and Chelsea,,,,,,,,,,,,,,,,,,,2007-12-31,144.18324809832825
E09000020,Kensington and Chelsea,,,,,,,,,,,,,,,,,,,2008-12-31,135.18966164141742
E09000020,Kensington and Chelsea,,,,,,,,,,,,,,,,,,,2009-12-31,128.99260622757006
E09000020,Kensington and Chelsea,,,,,,,,,,,,,,,,,,,2010-12-31,131.99927709191527
E09000020,Kensington and Chelsea,,,,,,,,,,,,,,,,,,,2011-12-31,131.22191960872283
E09000020,Kensington and Chelsea,,,,,,,,,,,,,,,,,,,2012-12-31,133.64330148143398
E09000020,Kensington and Chelsea,,,,,,,,,,,,,,,,,,,2013-12-31,115.5250202449966
E09000020,Kensington and Chelsea,,,,,,,,,,,,,,,,,,,2014-12-31,120.59670913630833
E09000020,Kensington and Chelsea,,,,,,,,,,,,,,,,,,,2015-12-31,124.67741628675236
E09000020,Kensington and Chelsea,,,,,,,,,,,,,,,,,,,2016-12-31,109.78395416204076
E09000021,Kingston upon Thames,,,,,,,,,,,,,,,,,,,1999-12-31,100.33355478997007
E09000021,Kingston upon Thames,,,,,,,,,,,,,,,,,,,2000-12-31,96.82477193744569
E09000021,Kingston upon Thames,,,,,,,,,,,,,,,,,,,2001-12-31,92.66328961052031
E09000021,Kingston upon Thames,,,,,,,,,,,,,,,,,,,2002-12-31,95.76188503227704
E09000021,Kingston upon Thames,,,,,,,,,,,,,,,,,,,2003-12-31,108.95692897657048
E09000021,Kingston upon Thames,,,,,,,,,,,,,,,,,,,2004-12-31,103.86945152427923
E09000021,Kingston upon Thames,,,,,,,,,,,,,,,,,,,2005-12-31,99.29240797696882
E09000021,Kingston upon Thames,,,,,,,,,,,,,,,,,,,2006-12-31,85.2818106685235
E09000021,Kingston upon Thames,,,,,,,,,,,,,,,,,,,2007-12-31,79.46402563355666
E09000021,Kingston upon Thames,,,,,,,,,,,,,,,,,,,2008-12-31,72.39772603459657
E09000021,Kingston upon Thames,,,,,,,,,,,,,,,,,,,2009-12-31,70.003242068058
E09000021,Kingston upon Thames,,,,,,,,,,,,,,,,,,,2010-12-31,70.28137764106701
E09000021,Kingston upon Thames,,,,,,,,,,,,,,,,,,,2011-12-31,70.00922486225036
E09000021,Kingston upon Thames,,,,,,,,,,,,,,,,,,,2012-12-31,62.21858870328115
E09000021,Kingston upon Thames,,,,,,,,,,,,,,,,,,,2013-12-31,55.68579017105035
E09000021,Kingston upon Thames,,,,,,,,,,,,,,,,,,,2014-12-31,57.50832558632133
E09000021,Kingston upon Thames,,,,,,,,,,,,,,,,,,,2015-12-31,58.521826826105745
E09000021,Kingston upon Thames,,,,,,,,,,,,,,,,,,,2016-12-31,49.623240416337794
E09000022,Lambeth,,,,,,,,,,,,,,,,,,,1999-12-31,195.68468276009398
E09000022,Lambeth,,,,,,,,,,,,,,,,,,,2000-12-31,188.68413645992268
E09000022,Lambeth,,,,,,,,,,,,,,,,,,,2001-12-31,208.84362699910744
E09000022,Lambeth,,,,,,,,,,,,,,,,,,,2002-12-31,198.46103698711914
E09000022,Lambeth,,,,,,,,,,,,,,,,,,,2003-12-31,183.46038685501205
E09000022,Lambeth,,,,,,,,,,,,,,,,,,,2004-12-31,166.9352662782303
E09000022,Lambeth,,,,,,,,,,,,,,,,,,,2005-12-31,151.17066493768462
E09000022,Lambeth,,,,,,,,,,,,,,,,,,,2006-12-31,138.5549899473842
E09000022,Lambeth,,,,,,,,,,,,,,,,,,,2007-12-31,125.82291096419196
E09000022,Lambeth,,,,,,,,,,,,,,,,,,,2008-12-31,121.69780649267102
E09000022,Lambeth,,,,,,,,,,,,,,,,,,,2009-12-31,120.58493453494305
E09000022,Lambeth,,,,,,,,,,,,,,,,,,,2010-12-31,119.84545607256845
E09000022,Lambeth,,,,,,,,,,,,,,,,,,,2011-12-31,121.49526571444522
E09000022,Lambeth,,,,,,,,,,,,,,,,,,,2012-12-31,112.54674403610574
E09000022,Lambeth,,,,,,,,,,,,,,,,,,,2013-12-31,104.76957249508341
E09000022,Lambeth,,,,,,,,,,,,,,,,,,,2014-12-31,103.78170802222391
E09000022,Lambeth,,,,,,,,,,,,,,,,,,,2015-12-31,107.87501810862712
E09000022,Lambeth,,,,,,,,,,,,,,,,,,,2016-12-31,90.83894971181117
E09000023,Lewisham,,,,,,,,,,,,,,,,,,,1999-12-31,118.36522711837321
E09000023,Lewisham,,,,,,,,,,,,,,,,,,,2000-12-31,110.32660864874298
E09000023,Lewisham,,,,,,,,,,,,,,,,,,,2001-12-31,114.05385002516357
E09000023,Lewisham,,,,,,,,,,,,,,,,,,,2002-12-31,113.3910479299225
E09000023,Lewisham,,,,,,,,,,,,,,,,,,,2003-12-31,125.33738727295821
E09000023,Lewisham,,,,,,,,,,,,,,,,,,,2004-12-31,137.97706521954407
E09000023,Lewisham,,,,,,,,,,,,,,,,,,,2005-12-31,130.96536304083472
E09000023,Lewisham,,,,,,,,,,,,,,,,,,,2006-12-31,124.62399603063851
E09000023,Lewisham,,,,,,,,,,,,,,,,,,,2007-12-31,118.8990305833346
E09000023,Lewisham,,,,,,,,,,,,,,,,,,,2008-12-31,118.39419454575473
E09000023,Lewisham,,,,,,,,,,,,,,,,,,,2009-12-31,109.28636407339748
E09000023,Lewisham,,,,,,,,,,,,,,,,,,,2010-12-31,105.94991285203193
E09000023,Lewisham,,,,,,,,,,,,,,,,,,,2011-12-31,98.11582375838636
E09000023,Lewisham,,,,,,,,,,,,,,,,,,,2012-12-31,87.82267115600449
E09000023,Lewisham,,,,,,,,,,,,,,,,,,,2013-12-31,78.01733174924873
E09000023,Lewisham,,,,,,,,,,,,,,,,,,,2014-12-31,75.7331305470776
E09000023,Lewisham,,,,,,,,,,,,,,,,,,,2015-12-31,83.11443706381905
E09000023,Lewisham,,,,,,,,,,,,,,,,,,,2016-12-31,68.420860842689
E09000024,Merton,,,,,,,,,,,,,,,,,,,1999-12-31,90.84523024716042
E09000024,Merton,,,,,,,,,,,,,,,,,,,2000-12-31,88.04119109864183
E09000024,Merton,,,,,,,,,,,,,,,,,,,2001-12-31,92.86469289294946
E09000024,Merton,,,,,,,,,,,,,,,,,,,2002-12-31,93.8282229837165
E09000024,Merton,,,,,,,,,,,,,,,,,,,2003-12-31,98.98678274466714
E09000024,Merton,,,,,,,,,,,,,,,,,,,2004-12-31,91.47839159802655
E09000024,Merton,,,,,,,,,,,,,,,,,,,2005-12-31,90.76885136659618
E09000024,Merton,,,,,,,,,,,,,,,,,,,2006-12-31,83.5134012050696
E09000024,Merton,,,,,,,,,,,,,,,,,,,2007-12-31,77.34479563471636
E09000024,Merton,,,,,,,,,,,,,,,,,,,2008-12-31,77.33114128020668
E09000024,Merton,,,,,,,,,,,,,,,,,,,2009-12-31,74.89804982436306
E09000024,Merton,,,,,,,,,,,,,,,,,,,2010-12-31,73.92435320584927
E09000024,Merton,,,,,,,,,,,,,,,,,,,2011-12-31,70.59333908438589
E09000024,Merton,,,,,,,,,,,,,,,,,,,2012-12-31,66.14414637161578
E09000024,Merton,,,,,,,,,,,,,,,,,,,2013-12-31,57.060470517608735
E09000024,Merton,,,,,,,,,,,,,,,,,,,2014-12-31,59.76955015600816
E09000024,Merton,,,,,,,,,,,,,,,,,,,2015-12-31,63.221958790604454
E09000024,Merton,,,,,,,,,,,,,,,,,,,2016-12-31,53.51925825127177
E09000025,Newham,,,,,,,,,,,,,,,,,,,1999-12-31,159.38582303953567
E09000025,Newham,,,,,,,,,,,,,,,,,,,2000-12-31,157.97085507795472
E09000025,Newham,,,,,,,,,,,,,,,,,,,2001-12-31,162.84766910841944
E09000025,Newham,,,,,,,,,,,,,,,,,,,2002-12-31,161.22170775847886
E09000025,Newham,,,,,,,,,,,,,,,,,,,2003-12-31,158.51364431122767
E09000025,Newham,,,,,,,,,,,,,,,,,,,2004-12-31,143.29845853934617
E09000025,Newham,,,,,,,,,,,,,,,,,,,2005-12-31,153.7443163460705
E09000025,Newham,,,,,,,,,,,,,,,,,,,2006-12-31,137.97607696303015
E09000025,Newham,,,,,,,,,,,,,,,,,,,2007-12-31,133.12052875678316
E09000025,Newham,,,,,,,,,,,,,,,,,,,2008-12-31,121.2356860220343
E09000025,Newham,,,,,,,,,,,,,,,,,,,2009-12-31,119.59978634791078
E09000025,Newham,,,,,,,,,,,,,,,,,,,2010-12-31,114.85404668233218
E09000025,Newham,,,,,,,,,,,,,,,,,,,2011-12-31,103.1082909231463
E09000025,Newham,,,,,,,,,,,,,,,,,,,2012-12-31,100.97935584111258
E09000025,Newham,,,,,,,,,,,,,,,,,,,2013-12-31,90.97279614866117
E09000025,Newham,,,,,,,,,,,,,,,,,,,2014-12-31,89.37414051467368
E09000025,Newham,,,,,,,,,,,,,,,,,,,2015-12-31,90.39201723469654
E09000025,Newham,,,,,,,,,,,,,,,,,,,2016-12-31,77.14867234836265
E09000026,Redbridge,,,,,,,,,,,,,,,,,,,1999-12-31,103.20906365216807
E09000026,Redbridge,,,,,,,,,,,,,,,,,,,2000-12-31,105.16617472943453
E09000026,Redbridge,,,,,,,,,,,,,,,,,,,2001-12-31,115.75779373524657
E09000026,Redbridge,,,,,,,,,,,,,,,,,,,2002-12-31,117.64296504320986
E09000026,Redbridge,,,,,,,,,,,,,,,,,,,2003-12-31,114.94187832441435
E09000026,Redbridge,,,,,,,,,,,,,,,,,,,2004-12-31,105.20793973646764
E09000026,Redbridge,,,,,,,,,,,,,,,,,,,2005-12-31,98.1038320877723
E09000026,Redbridge,,,,,,,,,,,,,,,,,,,2006-12-31,96.42787276497515
E09000026,Redbridge,,,,,,,,,,,,,,,,,,,2007-12-31,86.71936606850922
E09000026,Redbridge,,,,,,,,,,,,,,,,,,,2008-12-31,91.95636122538161
E09000026,Redbridge,,,,,,,,,,,,,,,,,,,2009-12-31,88.87163273984507
E09000026,Redbridge,,,,,,,,,,,,,,,,,,,2010-12-31,89.13147792706334
E09000026,Redbridge,,,,,,,,,,,,,,,,,,,2011-12-31,86.20266884628369
E09000026,Redbridge,,,,,,,,,,,,,,,,,,,2012-12-31,78.76901239209182
E09000026,Redbridge,,,,,,,,,,,,,,,,,,,2013-12-31,69.5315535327746
E09000026,Redbridge,,,,,,,,,,,,,,,,,,,2014-12-31,68.68335295422361
E09000026,Redbridge,,,,,,,,,,,,,,,,,,,2015-12-31,66.16395939257328
E09000026,Redbridge,,,,,,,,,,,,,,,,,,,2016-12-31,56.685235372549286
E09000027,Richmond upon Thames,,,,,,,,,,,,,,,,,,,1999-12-31,89.73156926068687
E09000027,Richmond upon Thames,,,,,,,,,,,,,,,,,,,2000-12-31,84.91209808003701
E09000027,Richmond upon Thames,,,,,,,,,,,,,,,,,,,2001-12-31,92.11696335859469
E09000027,Richmond upon Thames,,,,,,,,,,,,,,,,,,,2002-12-31,95.83848701272792
E09000027,Richmond upon Thames,,,,,,,,,,,,,,,,,,,2003-12-31,87.17589822893973
E09000027,Richmond upon Thames,,,,,,,,,,,,,,,,,,,2004-12-31,85.43767288301954
E09000027,Richmond upon Thames,,,,,,,,,,,,,,,,,,,2005-12-31,82.04046102651124
E09000027,Richmond upon Thames,,,,,,,,,,,,,,,,,,,2006-12-31,73.46044269121192
E09000027,Richmond upon Thames,,,,,,,,,,,,,,,,,,,2007-12-31,66.18207333585498
E09000027,Richmond upon Thames,,,,,,,,,,,,,,,,,,,2008-12-31,64.97127269347881
E09000027,Richmond upon Thames,,,,,,,,,,,,,,,,,,,2009-12-31,62.52372636853694
E09000027,Richmond upon Thames,,,,,,,,,,,,,,,,,,,2010-12-31,62.98308141532119
E09000027,Richmond upon Thames,,,,,,,,,,,,,,,,,,,2011-12-31,64.05477611223984
E09000027,Richmond upon Thames,,,,,,,,,,,,,,,,,,,2012-12-31,62.40186100610642
E09000027,Richmond upon Thames,,,,,,,,,,,,,,,,,,,2013-12-31,54.96302876701591
E09000027,Richmond upon Thames,,,,,,,,,,,,,,,,,,,2014-12-31,55.72745822248625
E09000027,Richmond upon Thames,,,,,,,,,,,,,,,,,,,2015-12-31,55.09680069840292
E09000027,Richmond upon Thames,,,,,,,,,,,,,,,,,,,2016-12-31,49.93719555160688
E09000028,Southwark,,,,,,,,,,,,,,,,,,,1999-12-31,176.45136431675226
E09000028,Southwark,,,,,,,,,,,,,,,,,,,2000-12-31,160.04289230233533
E09000028,Southwark,,,,,,,,,,,,,,,,,,,2001-12-31,178.04777338028606
E09000028,Southwark,,,,,,,,,,,,,,,,,,,2002-12-31,179.3427999484916
E09000028,Southwark,,,,,,,,,,,,,,,,,,,2003-12-31,181.3024502237093
E09000028,Southwark,,,,,,,,,,,,,,,,,,,2004-12-31,170.14503006720903
E09000028,Southwark,,,,,,,,,,,,,,,,,,,2005-12-31,158.25156315051697
E09000028,Southwark,,,,,,,,,,,,,,,,,,,2006-12-31,148.4304044432318
E09000028,Southwark,,,,,,,,,,,,,,,,,,,2007-12-31,146.82752195315194
E09000028,Southwark,,,,,,,,,,,,,,,,,,,2008-12-31,141.76833120917922
E09000028,Southwark,,,,,,,,,,,,,,,,,,,2009-12-31,131.78713716562322
E09000028,Southwark,,,,,,,,,,,,,,,,,,,2010-12-31,127.74819664736748
E09000028,Southwark,,,,,,,,,,,,,,,,,,,2011-12-31,119.4075859751937
E09000028,Southwark,,,,,,,,,,,,,,,,,,,2012-12-31,111.56270227915375
E09000028,Southwark,,,,,,,,,,,,,,,,,,,2013-12-31,104.51846788892463
E09000028,Southwark,,,,,,,,,,,,,,,,,,,2014-12-31,99.5907952058915
E09000028,Southwark,,,,,,,,,,,,,,,,,,,2015-12-31,101.72191090349335
E09000028,Southwark,,,,,,,,,,,,,,,,,,,2016-12-31,87.88945894777841
E09000029,Sutton,,,,,,,,,,,,,,,,,,,1999-12-31,80.797212543554
E09000029,Sutton,,,,,,,,,,,,,,,,,,,2000-12-31,77.22525417624733
E09000029,Sutton,,,,,,,,,,,,,,,,,,,2001-12-31,84.64077680603546
E09000029,Sutton,,,,,,,,,,,,,,,,,,,2002-12-31,82.68005406449122
E09000029,Sutton,,,,,,,,,,,,,,,,,,,2003-12-31,89.11715866649749
E09000029,Sutton,,,,,,,,,,,,,,,,,,,2004-12-31,93.55362408472948
E09000029,Sutton,,,,,,,,,,,,,,,,,,,2005-12-31,88.28520123226966
E09000029,Sutton,,,,,,,,,,,,,,,,,,,2006-12-31,84.25104712328167
E09000029,Sutton,,,,,,,,,,,,,,,,,,,2007-12-31,72.43150498984656
E09000029,Sutton,,,,,,,,,,,,,,,,,,,2008-12-31,74.416227267836
E09000029,Sutton,,,,,,,,,,,,,,,,,,,2009-12-31,69.26294196113027
E09000029,Sutton,,,,,,,,,,,,,,,,,,,2010-12-31,65.5394805647551
E09000029,Sutton,,,,,,,,,,,,,,,,,,,2011-12-31,61.40548233336647
E09000029,Sutton,,,,,,,,,,,,,,,,,,,2012-12-31,57.780302639053865
E09000029,Sutton,,,,,,,,,,,,,,,,,,,2013-12-31,53.089620956133814
E09000029,Sutton,,,,,,,,,,,,,,,,,,,2014-12-31,55.3867584563982
E09000029,Sutton,,,,,,,,,,,,,,,,,,,2015-12-31,54.70533862949362
E09000029,Sutton,,,,,,,,,,,,,,,,,,,2016-12-31,45.01038472950252
E09000030,Tower Hamlets,,,,,,,,,,,,,,,,,,,1999-12-31,176.07114988088284
E09000030,Tower Hamlets,,,,,,,,,,,,,,,,,,,2000-12-31,177.90019935779398
E09000030,Tower Hamlets,,,,,,,,,,,,,,,,,,,2001-12-31,185.35481625142972
E09000030,Tower Hamlets,,,,,,,,,,,,,,,,,,,2002-12-31,198.6369191087325
E09000030,Tower Hamlets,,,,,,,,,,,,,,,,,,,2003-12-31,187.8160181355469
E09000030,Tower Hamlets,,,,,,,,,,,,,,,,,,,2004-12-31,172.0497835702852
E09000030,Tower Hamlets,,,,,,,,,,,,,,,,,,,2005-12-31,158.19516172873062
E09000030,Tower Hamlets,,,,,,,,,,,,,,,,,,,2006-12-31,149.39102564102564
E09000030,Tower Hamlets,,,,,,,,,,,,,,,,,,,2007-12-31,137.14478515078736
E09000030,Tower Hamlets,,,,,,,,,,,,,,,,,,,2008-12-31,119.49476698304821
E09000030,Tower Hamlets,,,,,,,,,,,,,,,,,,,2009-12-31,112.22686542339757
E09000030,Tower Hamlets,,,,,,,,,,,,,,,,,,,2010-12-31,115.29051987767585
E09000030,Tower Hamlets,,,,,,,,,,,,,,,,,,,2011-12-31,115.04148243051107
E09000030,Tower Hamlets,,,,,,,,,,,,,,,,,,,2012-12-31,110.57668543704825
E09000030,Tower Hamlets,,,,,,,,,,,,,,,,,,,2013-12-31,99.45032797097731
E09000030,Tower Hamlets,,,,,,,,,,,,,,,,,,,2014-12-31,96.29068887206661
E09000030,Tower Hamlets,,,,,,,,,,,,,,,,,,,2015-12-31,97.38649758159575
E09000030,Tower Hamlets,,,,,,,,,,,,,,,,,,,2016-12-31,85.3031287107927
E09000031,Waltham Forest,,,,,,,,,,,,,,,,,,,1999-12-31,122.2987736194737
E09000031,Waltham Forest,,,,,,,,,,,,,,,,,,,2000-12-31,116.45488395632998
E09000031,Waltham Forest,,,,,,,,,,,,,,,,,,,2001-12-31,136.2970970429926
E09000031,Waltham Forest,,,,,,,,,,,,,,,,,,,2002-12-31,144.17989417989418
E09000031,Waltham Forest,,,,,,,,,,,,,,,,,,,2003-12-31,137.9291881400174
E09000031,Waltham Forest,,,,,,,,,,,,,,,,,,,2004-12-31,131.06994604492405
E09000031,Waltham Forest,,,,,,,,,,,,,,,,,,,2005-12-31,132.93670919571153
E09000031,Waltham Forest,,,,,,,,,,,,,,,,,,,2006-12-31,125.37110314608788
E09000031,Waltham Forest,,,,,,,,,,,,,,,,,,,2007-12-31,109.26951392866994
E09000031,Waltham Forest,,,,,,,,,,,,,,,,,,,2008-12-31,108.38586027146032
E09000031,Waltham Forest,,,,,,,,,,,,,,,,,,,2009-12-31,109.88151849762231
E09000031,Waltham Forest,,,,,,,,,,,,,,,,,,,2010-12-31,108.41741828045463
E09000031,Waltham Forest,,,,,,,,,,,,,,,,,,,2011-12-31,95.7719583278792
E09000031,Waltham Forest,,,,,,,,,,,,,,,,,,,2012-12-31,93.22608410837655
E09000031,Waltham Forest,,,,,,,,,,,,,,,,,,,2013-12-31,83.13487360654936
E09000031,Waltham Forest,,,,,,,,,,,,,,,,,,,2014-12-31,77.53898962763974
E09000031,Waltham Forest,,,,,,,,,,,,,,,,,,,2015-12-31,80.38868606409264
E09000031,Waltham Forest,,,,,,,,,,,,,,,,,,,2016-12-31,64.8883604079132
E09000032,Wandsworth,,,,,,,,,,,,,,,,,,,1999-12-31,134.45991976383317
E09000032,Wandsworth,,,,,,,,,,,,,,,,,,,2000-12-31,129.83432637890135
E09000032,Wandsworth,,,,,,,,,,,,,,,,,,,2001-12-31,131.43717202346343
E09000032,Wandsworth,,,,,,,,,,,,,,,,,,,2002-12-31,131.69065572518252
E09000032,Wandsworth,,,,,,,,,,,,,,,,,,,2003-12-31,121.25579782391954
E09000032,Wandsworth,,,,,,,,,,,,,,,,,,,2004-12-31,113.56531414317247
E09000032,Wandsworth,,,,,,,,,,,,,,,,,,,2005-12-31,106.3803494698636
E09000032,Wandsworth,,,,,,,,,,,,,,,,,,,2006-12-31,104.46967009577865
E09000032,Wandsworth,,,,,,,,,,,,,,,,,,,2007-12-31,93.66936590721932
E09000032,Wandsworth,,,,,,,,,,,,,,,,,,,2008-12-31,85.24489899933742
E09000032,Wandsworth,,,,,,,,,,,,,,,,,,,2009-12-31,85.0818615185721
E09000032,Wandsworth,,,,,,,,,,,,,,,,,,,2010-12-31,81.69651708413193
E09000032,Wandsworth,,,,,,,,,,,,,,,,,,,2011-12-31,79.26944200708459
E09000032,Wandsworth,,,,,,,,,,,,,,,,,,,2012-12-31,82.53003451049585
E09000032,Wandsworth,,,,,,,,,,,,,,,,,,,2013-12-31,71.62593875999949
E09000032,Wandsworth,,,,,,,,,,,,,,,,,,,2014-12-31,72.34778708612986
E09000032,Wandsworth,,,,,,,,,,,,,,,,,,,2015-12-31,74.05005341065161
E09000032,Wandsworth,,,,,,,,,,,,,,,,,,,2016-12-31,65.83126645069852
E09000033,Westminster,,,,,,,,,,,,,,,,,,,1999-12-31,463.0006394233564
E09000033,Westminster,,,,,,,,,,,,,,,,,,,2000-12-31,424.3681226396849
E09000033,Westminster,,,,,,,,,,,,,,,,,,,2001-12-31,424.28773072213016
E09000033,Westminster,,,,,,,,,,,,,,,,,,,2002-12-31,413.98846708313306
E09000033,Westminster,,,,,,,,,,,,,,,,,,,2003-12-31,375.79439739537173
E09000033,Westminster,,,,,,,,,,,,,,,,,,,2004-12-31,369.7758637564843
E09000033,Westminster,,,,,,,,,,,,,,,,,,,2005-12-31,320.80562178441465
E09000033,Westminster,,,,,,,,,,,,,,,,,,,2006-12-31,297.3894780302384
E09000033,Westminster,,,,,,,,,,,,,,,,,,,2007-12-31,289.7937167696345
E09000033,Westminster,,,,,,,,,,,,,,,,,,,2008-12-31,289.61508736789636
E09000033,Westminster,,,,,,,,,,,,,,,,,,,2009-12-31,295.05945248409995
E09000033,Westminster,,,,,,,,,,,,,,,,,,,2010-12-31,294.65852007716853
E09000033,Westminster,,,,,,,,,,,,,,,,,,,2011-12-31,302.0056288766839
E09000033,Westminster,,,,,,,,,,,,,,,,,,,2012-12-31,277.0238276049996
E09000033,Westminster,,,,,,,,,,,,,,,,,,,2013-12-31,238.29025617062172
E09000033,Westminster,,,,,,,,,,,,,,,,,,,2014-12-31,206.9466591224731
E09000033,Westminster,,,,,,,,,,,,,,,,,,,2015-12-31,203.0714117681047
E09000033,Westminster,,,,,,,,,,,,,,,,,,,2016-12-31,171.29079938937215
#N/A,Heathrow,,,,,,,,,,,,,,,,,,,1999-12-31,n/a
#N/A,Heathrow,,,,,,,,,,,,,,,,,,,2000-12-31,n/a
#N/A,Heathrow,,,,,,,,,,,,,,,,,,,2001-12-31,n/a
#N/A,Heathrow,,,,,,,,,,,,,,,,,,,2002-12-31,n/a
#N/A,Heathrow,,,,,,,,,,,,,,,,,,,2003-12-31,n/a
#N/A,Heathrow,,,,,,,,,,,,,,,,,,,2004-12-31,n/a
#N/A,Heathrow,,,,,,,,,,,,,,,,,,,2005-12-31,n/a
#N/A,Heathrow,,,,,,,,,,,,,,,,,,,2006-12-31,n/a
#N/A,Heathrow,,,,,,,,,,,,,,,,,,,2007-12-31,n/a
#N/A,Heathrow,,,,,,,,,,,,,,,,,,,2008-12-31,n/a
#N/A,Heathrow,,,,,,,,,,,,,,,,,,,2009-12-31,n/a
#N/A,Heathrow,,,,,,,,,,,,,,,,,,,2010-12-31,n/a
#N/A,Heathrow,,,,,,,,,,,,,,,,,,,2011-12-31,n/a
#N/A,Heathrow,,,,,,,,,,,,,,,,,,,2012-12-31,n/a
#N/A,Heathrow,,,,,,,,,,,,,,,,,,,2013-12-31,n/a
#N/A,Heathrow,,,,,,,,,,,,,,,,,,,2014-12-31,n/a
#N/A,Heathrow,,,,,,,,,,,,,,,,,,,2015-12-31,n/a
#N/A,Heathrow,,,,,,,,,,,,,,,,,,,2016-12-31,n/a
E13000001,Inner London,,,,,,,,,,,,,,,,,,,1999-12-31,195.5163673748944
E13000001,Inner London,,,,,,,,,,,,,,,,,,,2000-12-31,186.78735335294866
E13000001,Inner London,,,,,,,,,,,,,,,,,,,2001-12-31,195.46893989071037
E13000001,Inner London,,,,,,,,,,,,,,,,,,,2002-12-31,196.15534554189097
E13000001,Inner London,,,,,,,,,,,,,,,,,,,2003-12-31,188.5944863023505
E13000001,Inner London,,,,,,,,,,,,,,,,,,,2004-12-31,177.4882095207263
E13000001,Inner London,,,,,,,,,,,,,,,,,,,2005-12-31,166.09469984930917
E13000001,Inner London,,,,,,,,,,,,,,,,,,,2006-12-31,155.3218248167858
E13000001,Inner London,,,,,,,,,,,,,,,,,,,2007-12-31,144.7060873099984
E13000001,Inner London,,,,,,,,,,,,,,,,,,,2008-12-31,136.80473049913053
E13000001,Inner London,,,,,,,,,,,,,,,,,,,2009-12-31,131.83350013862332
E13000001,Inner London,,,,,,,,,,,,,,,,,,,2010-12-31,129.81800499964143
E13000001,Inner London,,,,,,,,,,,,,,,,,,,2011-12-31,127.00587639636149
E13000001,Inner London,,,,,,,,,,,,,,,,,,,2012-12-31,120.29040169962134
E13000001,Inner London,,,,,,,,,,,,,,,,,,,2013-12-31,107.07529266021434
E13000001,Inner London,,,,,,,,,,,,,,,,,,,2014-12-31,104.76182062076388
E13000001,Inner London,,,,,,,,,,,,,,,,,,,2015-12-31,107.77556135294975
E13000001,Inner London,,,,,,,,,,,,,,,,,,,2016-12-31,92.31455346117949
E13000002,Outer London,,,,,,,,,,,,,,,,,,,1999-12-31,107.12423430617216
E13000002,Outer London,,,,,,,,,,,,,,,,,,,2000-12-31,104.51529109295782
E13000002,Outer London,,,,,,,,,,,,,,,,,,,2001-12-31,110.06496038115826
E13000002,Outer London,,,,,,,,,,,,,,,,,,,2002-12-31,112.9095972399698
E13000002,Outer London,,,,,,,,,,,,,,,,,,,2003-12-31,113.02808960525806
E13000002,Outer London,,,,,,,,,,,,,,,,,,,2004-12-31,108.79628092165768
E13000002,Outer London,,,,,,,,,,,,,,,,,,,2005-12-31,106.74159643188533
E13000002,Outer London,,,,,,,,,,,,,,,,,,,2006-12-31,98.1661858162323
E13000002,Outer London,,,,,,,,,,,,,,,,,,,2007-12-31,89.87479167153687
E13000002,Outer London,,,,,,,,,,,,,,,,,,,2008-12-31,88.70950533534379
E13000002,Outer London,,,,,,,,,,,,,,,,,,,2009-12-31,85.87515372173502
E13000002,Outer London,,,,,,,,,,,,,,,,,,,2010-12-31,83.42040369376332
E13000002,Outer London,,,,,,,,,,,,,,,,,,,2011-12-31,80.57292469433169
E13000002,Outer London,,,,,,,,,,,,,,,,,,,2012-12-31,74.39539977091222
E13000002,Outer London,,,,,,,,,,,,,,,,,,,2013-12-31,67.14652367392317
E13000002,Outer London,,,,,,,,,,,,,,,,,,,2014-12-31,68.13993452114063
E13000002,Outer London,,,,,,,,,,,,,,,,,,,2015-12-31,69.85545946434355
E13000002,Outer London,,,,,,,,,,,,,,,,,,,2016-12-31,59.84429916558684
E12000007,Met Police Area,,,,,,,,,,,,,,,,,,,1999-12-31,142.05039145016042
E12000007,Met Police Area,,,,,,,,,,,,,,,,,,,2000-12-31,137.3873936119055
E12000007,Met Police Area,,,,,,,,,,,,,,,,,,,2001-12-31,144.40068376460567
E12000007,Met Police Area,,,,,,,,,,,,,,,,,,,2002-12-31,146.50795731570514
E12000007,Met Police Area,,,,,,,,,,,,,,,,,,,2003-12-31,143.4694056661578
E12000007,Met Police Area,,,,,,,,,,,,,,,,,,,2004-12-31,136.574448419356
E12000007,Met Police Area,,,,,,,,,,,,,,,,,,,2005-12-31,130.88493443750366
E12000007,Met Police Area,,,,,,,,,,,,,,,,,,,2006-12-31,121.32143080421041
E12000007,Met Police Area,,,,,,,,,,,,,,,,,,,2007-12-31,112.04718597179713
E12000007,Met Police Area,,,,,,,,,,,,,,,,,,,2008-12-31,108.15330098803646
E12000007,Met Police Area,,,,,,,,,,,,,,,,,,,2009-12-31,104.4250782552904
E12000007,Met Police Area,,,,,,,,,,,,,,,,,,,2010-12-31,102.08540723525847
E12000007,Met Police Area,,,,,,,,,,,,,,,,,,,2011-12-31,99.2912711424482
E12000007,Met Police Area,,,,,,,,,,,,,,,,,,,2012-12-31,92.86612089568963
E12000007,Met Police Area,,,,,,,,,,,,,,,,,,,2013-12-31,83.26526296153939
E12000007,Met Police Area,,,,,,,,,,,,,,,,,,,2014-12-31,83.07001227003349
E12000007,Met Police Area,,,,,,,,,,,,,,,,,,,2015-12-31,85.38949813073133
E12000007,Met Police Area,,,,,,,,,,,,,,,,,,,2016-12-31,73.20287959842929
727,England and Wales,,,,,,,,,,,,,,,,,,,1999-12-31,n/a
727,England and Wales,,,,,,,,,,,,,,,,,,,2000-12-31,n/a
727,England and Wales,,,,,,,,,,,,,,,,,,,2001-12-31,n/a
727,England and Wales,,,,,,,,,,,,,,,,,,,2002-12-31,112.15227486074093
727,England and Wales,,,,,,,,,,,,,,,,,,,2003-12-31,112.26289240927693
727,England and Wales,,,,,,,,,,,,,,,,,,,2004-12-31,104.65624430995305
727,England and Wales,,,,,,,,,,,,,,,,,,,2005-12-31,102.28824853253856
727,England and Wales,,,,,,,,,,,,,,,,,,,2006-12-31,99.19894873211831
727,England and Wales,,,,,,,,,,,,,,,,,,,2007-12-31,89.77808680364744
727,England and Wales,,,,,,,,,,,,,,,,,,,2008-12-31,84.56337620337217
727,England and Wales,,,,,,,,,,,,,,,,,,,2009-12-31,77.46013220940618
727,England and Wales,,,,,,,,,,,,,,,,,,,2010-12-31,74.53284982770457
727,England and Wales,,,,,,,,,,,,,,,,,,,2011-12-31,70.78950290423371
727,England and Wales,,,,,,,,,,,,,,,,,,,2012-12-31,65.96223052423679
727,England and Wales,,,,,,,,,,,,,,,,,,,2013-12-31,n/a
727,England and Wales,,,,,,,,,,,,,,,,,,,2014-12-31,n/a
727,England and Wales,,,,,,,,,,,,,,,,,,,2015-12-31,n/a
727,England and Wales,,,,,,,,,,,,,,,,,,,2016-12-31,n/a
